{"cameraMode":{"drawMode":0,"name":"Shaded","section":"Shading Mode"},"sceneLighting":false,"audioPlay":false,"sceneViewState":{"m_AlwaysRefresh":false,"showFog":true,"showSkybox":false,"showFlares":true,"showImageEffects":true,"showParticleSystems":true,"showVisualEffectGraphs":true,"m_FxEnabled":true},"in2DMode":false,"pivot":{"x":0.1188330203294754,"y":0.11495638638734818,"z":-0.24751754105091096},"rotation":{"x":-0.015343871898949147,"y":0.03267659246921539,"z":0.0005174772813916206,"w":-0.9997125267982483},"size":0.6123724579811096,"orthographic":false}