{"cameraMode":{"drawMode":0,"name":"Shaded","section":"Shading Mode"},"sceneLighting":false,"audioPlay":false,"sceneViewState":{"m_AlwaysRefresh":false,"showFog":true,"showSkybox":false,"showFlares":true,"showImageEffects":true,"showParticleSystems":true,"showVisualEffectGraphs":true,"m_FxEnabled":true},"in2DMode":false,"pivot":{"x":10.23161792755127,"y":4.309165000915527,"z":-7.373483180999756},"rotation":{"x":-0.0050818235613405708,"y":0.995698094367981,"z":0.059457242488861087,"w":0.07564625144004822},"size":1.9657443761825562,"orthographic":false}